global_point_id,trajectory_id,trajectory_type,point_id,surface_x,surface_y,surface_z,surface_u,surface_v,normal_x,normal_y,normal_z,nozzle_x,nozzle_y,nozzle_z,spray_dir_x,spray_dir_y,spray_dir_z,qx,qy,qz,qw,speed,cumulative_time,spray_on
0,1,spray,0,-0.0952613547122248,-0.004082701045419281,-0.26545192224681036,0.095575945531,0.021207347726,0.09525361250698532,-0.08411218679061598,0.991893083622257,-7.742205239483213e-06,-0.08819488783603527,0.7264411613754467,-0.09525361250698532,0.08411218679061598,-0.991893083622257,0.7118363584330201,0.6994537444491563,-0.004504458961091865,-0.06350722823694453,50.0,0.0,1
1,1,spray,1,-0.07429958160887701,0.0055709516913192095,-0.26755142657411124,0.076460301703,0.024758488537,0.07679116941626304,0.13894018586023604,0.9873189662175067,0.0024915878073860365,0.14451113755155526,0.7197675396433955,-0.07679116941626304,-0.13894018586023604,-0.9873189662175067,0.7075298577327933,0.7021830128430667,-0.07643135604630227,0.02233304063870598,50.0,0.004656302315323799,1
2,2,transition,0,-0.07429958160887701,0.0055709516913192095,-0.26755142657411124,0.076460301703,0.024758488537,0.07679116941626304,0.13894018586023604,0.9873189662175067,0.0024915878073860365,0.14451113755155526,0.7197675396433955,-0.07679116941626304,-0.13894018586023604,-0.9873189662175067,0.9487386619050191,-0.3058666940276878,-0.015275643476207627,0.07814839478603842,50.0,0.004656302315323799,0
3,2,transition,1,-0.06230090718950912,0.007804663535906431,-0.2690285644095651,0.065217453053,0.024709549914,0.21804745847883628,0.023488732891681297,0.9756554644330464,0.15574655128932716,0.03129339642758773,0.7066269000234813,-0.21804745847883628,-0.0234887328916813,-0.9756554644330464,0.9437277663084203,-0.31177818287212267,-0.10044978492111402,0.04563012703005271,50.0,0.008476146141800756,0
4,3,spray,0,-0.06230090718950912,0.007804663535906431,-0.2690285644095651,0.065217453053,0.024709549914,0.21804745847883628,0.023488732891681297,0.9756554644330464,0.15574655128932716,0.03129339642758773,0.7066269000234813,-0.21804745847883628,-0.0234887328916813,-0.9756554644330464,0.526471812124312,-0.8430036555407493,-0.048082651359459924,0.09929917633959226,50.0,0.008476146141800756,1
5,3,spray,1,-0.09729354736963831,-0.007930377217715624,-0.26566039665067903,0.096346124218,0.018926731633,0.14740774202327486,-0.17182492136876637,0.9740365260031151,0.05011419465363655,-0.17975529858648198,0.708376129352436,-0.14740774202327486,0.17182492136876637,-0.974036526003115,0.5175346062002928,-0.8480425663766326,-0.11246167539433428,0.01827863687318868,50.0,0.01319643453293945,1
6,4,transition,0,-0.09729354736963831,-0.007930377217715624,-0.26566039665067903,0.096346124218,0.018926731633,0.14740774202327486,-0.17182492136876637,0.9740365260031151,0.05011419465363655,-0.17975529858648198,0.708376129352436,-0.14740774202327486,0.17182492136876637,-0.974036526003115,0.7769921427800645,-0.6191134573400918,-0.11190967114987065,-0.021400058447824864,50.0,0.01319643453293945,0
7,4,transition,1,-0.09828630451693822,-0.011096033507080199,-0.2657535366863761,0.096441122385,0.016771544803,0.17505627461338347,-0.295334287910378,0.9392193349281911,0.07676997009644525,-0.30643032141745824,0.6734657982418151,-0.17505627461338347,0.295334287910378,-0.9392193349281912,0.7679884749923436,-0.6162818914612289,-0.16318441614375423,-0.06132845068747865,50.0,0.015877913452635742,0
8,5,spray,0,-0.09828630451693822,-0.011096033507080199,-0.2657535366863761,0.096441122385,0.016771544803,0.17505627461338347,-0.295334287910378,0.9392193349281911,0.07676997009644525,-0.30643032141745824,0.6734657982418151,-0.17505627461338347,0.295334287910378,-0.9392193349281912,0.9445450939216693,0.2782880396506477,-0.04288351700307081,-0.16897140736039273,50.0,0.015877913452635742,1
9,5,spray,1,-0.05019613799461581,0.009044597917466526,-0.2717062951709184,0.053974604403,0.02466061129,0.4513542711922176,-0.08044777427658634,0.8887111327593942,0.4011581331976018,-0.07140317635911982,0.6170048375884758,-0.4513542711922176,0.08044777427658634,-0.8887111327593942,0.923030121098168,0.30392591519184153,-0.20763547022758405,-0.1119461706521173,50.0,0.02396872995907843,1
10,6,transition,0,-0.05019613799461581,0.009044597917466526,-0.2717062951709184,0.053974604403,0.02466061129,0.4513542711922176,-0.08044777427658634,0.8887111327593942,0.4011581331976018,-0.07140317635911982,0.6170048375884758,-0.4513542711922176,0.08044777427658634,-0.8887111327593942,0.4179232594685112,-0.8773230394643199,-0.137241809794098,0.1918570281869902,50.0,0.02396872995907843,0
11,6,transition,1,-0.04124712120612996,0.007445351790927736,-0.27507439119252625,0.042731755753,0.024611672667,0.20084848540579908,-0.3595944208173771,0.9112363790077807,0.15960136419966914,-0.3521490690264493,0.6361619878152545,-0.20084848540579908,0.3595944208173771,-0.9112363790077807,0.3855295579619159,-0.8983235215898447,-0.20953198602071738,0.02186680887380665,50.0,0.03138587025175478,0
12,7,spray,0,-0.04124712120612996,0.007445351790927736,-0.27507439119252625,0.042731755753,0.024611672667,0.20084848540579908,-0.3595944208173771,0.9112363790077807,0.15960136419966914,-0.3521490690264493,0.6361619878152545,-0.20084848540579908,0.3595944208173771,-0.9112363790077807,-0.7761972180584725,-0.5942525289657408,-0.03023794386932968,0.2084885542341952,50.0,0.03138587025175478,1
13,7,spray,1,-0.09853969414540517,-0.012929098036080725,-0.26580594139730596,0.096387530457,0.014643961769,0.27597814823849964,-0.28204840615471355,0.9188496929750996,0.17743845409309447,-0.29497750419079427,0.6530437515777936,-0.27597814823849964,0.28204840615471355,-0.9188496929750996,-0.7707173638435489,-0.6044994553823851,0.02199392851420914,0.20022842111189448,50.0,0.03263033697278155,1
14,8,transition,0,-0.09853969414540517,-0.012929098036080725,-0.26580594139730596,0.096387530457,0.014643961769,0.27597814823849964,-0.28204840615471355,0.9188496929750996,0.17743845409309447,-0.29497750419079427,0.6530437515777936,-0.27597814823849964,0.28204840615471355,-0.9188496929750996,-0.6479436231323713,0.7345705600755079,0.20116361295292834,-0.010409338892298387,50.0,0.03263033697278155,0
15,8,transition,1,-0.09880245000704138,-0.014601536754702433,-0.26619573751525877,0.096333938529,0.012516378735,0.2741953458387068,-0.2925526188432326,0.9160949063979988,0.17539289583166542,-0.307154155597935,0.64989916888274,-0.2741953458387068,0.2925526188432326,-0.9160949063979988,-0.6468269595484758,0.7346171367455798,0.20472425857581714,-0.006365905401634068,50.0,0.0328851651881879,0
16,9,spray,0,-0.09880245000704138,-0.014601536754702433,-0.26619573751525877,0.096333938529,0.012516378735,0.2741953458387068,-0.2925526188432326,0.9160949063979988,0.17539289583166542,-0.307154155597935,0.64989916888274,-0.2741953458387068,0.2925526188432326,-0.9160949063979988,0.5431642494736443,0.8142604321055594,0.046595245518966585,-0.19945282624226665,50.0,0.0328851651881879,1
17,9,spray,1,-0.03391978972113587,0.0030562335400550356,-0.28264924676474357,0.031488907102,0.024562734044,-0.006593952761100562,0.18777247151177479,0.9821904187729303,-0.04051374248223644,0.19082870505182983,0.6995411720081868,0.006593952761100565,-0.18777247151177479,-0.9821904187729303,0.5409740142114944,0.8357286194299959,-0.07736878850606954,0.05402648589939897,50.0,0.043785934600357665,1
18,10,transition,0,-0.03391978972113587,0.0030562335400550356,-0.28264924676474357,0.031488907102,0.024562734044,-0.006593952761100562,0.18777247151177479,0.9821904187729303,-0.04051374248223644,0.19082870505182983,0.6995411720081868,0.006593952761100565,-0.18777247151177479,-0.9821904187729303,0.25608567793976866,0.9620370756579988,-0.09028167063279186,0.02745925274451147,50.0,0.043785934600357665,0
19,10,transition,1,-0.023711473782068258,0.013920351133448305,-0.28556510160097287,0.020246058452,0.02451379542,-0.18226825827958065,0.26627437501800727,0.9465073899513399,-0.2059797320616489,0.2801947261514556,0.6609422883503671,0.18226825827958065,-0.26627437501800727,-0.9465073899513399,0.24579524481970938,0.9554257650909824,-0.10768247189354421,0.12308854646646107,50.0,0.04762547380470513,0
20,11,spray,0,-0.023711473782068258,0.013920351133448305,-0.28556510160097287,0.020246058452,0.02451379542,-0.18226825827958065,0.26627437501800727,0.9465073899513399,-0.2059797320616489,0.2801947261514556,0.6609422883503671,0.18226825827958065,-0.26627437501800727,-0.9465073899513399,-0.904504371579526,0.39385979328841975,-0.13857497182345935,-0.08685207083574648,50.0,0.04762547380470513,1
21,11,spray,1,-0.09909691219321269,-0.016312212690856413,-0.26667861062694603,0.096280346602,0.010388795702,0.368502463689146,-0.22430781991812304,0.9021595957360363,0.2694055514959333,-0.24062003260897946,0.6354809851090903,-0.368502463689146,0.22430781991812304,-0.9021595957360364,-0.8875248592064563,0.40420220454443107,0.21960345149102276,0.026353865470018528,50.0,0.061737701959444655,1
22,12,transition,0,-0.09909691219321269,-0.016312212690856413,-0.26667861062694603,0.096280346602,0.010388795702,0.368502463689146,-0.22430781991812304,0.9021595957360363,0.2694055514959333,-0.24062003260897946,0.6354809851090903,-0.368502463689146,0.22430781991812304,-0.9021595957360364,-0.761825618267118,-0.6088526301330572,0.07578975572793327,0.20778863072526857,50.0,0.061737701959444655,0
23,12,transition,1,-0.09897567485047735,-0.017354161646690795,-0.2666258298240412,0.096226754674,0.008261212668,0.3740580724161375,-0.20129841976887802,0.9052952582770311,0.2750823975656601,-0.21865258141556881,0.6386694284529899,-0.3740580724161375,0.20129841976887802,-0.9052952582770311,-0.7608953620949371,-0.6112985171591127,0.08479820974861821,0.2004036788208087,50.0,0.0621959427975163,0
24,13,spray,0,-0.09897567485047735,-0.017354161646690795,-0.2666258298240412,0.096226754674,0.008261212668,0.3740580724161375,-0.20129841976887802,0.9052952582770311,0.2750823975656601,-0.21865258141556881,0.6386694284529899,-0.3740580724161375,0.20129841976887802,-0.9052952582770311,-0.4241332285129679,-0.8790669107694146,-0.009607079020577232,0.21739382441591318,50.0,0.0621959427975163,1
25,13,spray,1,-0.01320326752662452,0.01994515608326449,-0.28572103620322437,0.009003209801999992,0.024464856797,-0.21190719979420206,0.3448171853345216,0.9144377766547915,-0.22511046732082657,0.3647623414177861,0.6287167404515672,0.21190719979420206,-0.3448171853345216,-0.9144377766547915,-0.40275608888761316,-0.891631325824384,0.11601468161514567,-0.1712358178721398,50.0,0.07756688851034027,1
26,14,transition,0,-0.013203267526624528,0.019945156083264488,-0.2857210362032244,0.009003209802,0.024464856797,-0.21190719979420206,0.3448171853345216,0.9144377766547915,-0.2251104673208266,0.3647623414177861,0.6287167404515671,0.21190719979420206,-0.3448171853345216,-0.9144377766547915,-0.9556673367723885,-0.20956819833592577,-0.0680356784496764,-0.19532603034541118,50.0,0.07756688851034027,0
27,14,transition,1,-0.0030699908386301903,0.023473432497230294,-0.2853624721661931,-0.0022396388480000005,0.024415918174,-0.1313457103262388,0.38217043080706714,0.9147098262266764,-0.13441570116486898,0.4056438633042974,0.6293473540604833,0.1313457103262388,-0.38217043080706714,-0.9147098262266764,-0.9576491135120706,-0.2006566433061298,-0.02564256294526354,-0.20490862805714163,50.0,0.07955658568462232,0
28,15,spray,0,-0.00306999083863019,0.023473432497230294,-0.2853624721661931,-0.002239638848,0.024415918174,-0.1313457103262388,0.38217043080706714,0.9147098262266764,-0.13441570116486898,0.4056438633042974,0.6293473540604833,0.1313457103262388,-0.38217043080706714,-0.9147098262266764,-0.8780849004654389,0.43165011373557943,-0.1463911612419125,-0.14565271984040049,50.0,0.07955658568462232,1
29,15,spray,1,-0.09912279657822252,-0.01888189685521072,-0.26707890594591044,0.096173162747,0.006133629634,0.3698909154910124,-0.12476109849447971,0.9206602950815636,0.27076811891278985,-0.14364299534969044,0.6535813891356531,-0.3698909154910124,0.12476109849447972,-0.9206602950815636,-0.8638413624330267,0.46271832478370045,0.19642011648232405,-0.03299985303434755,50.0,0.09321641393535396,1
30,16,transition,0,-0.09912279657822252,-0.01888189685521072,-0.26707890594591044,0.096173162747,0.006133629634,0.3698909154910124,-0.12476109849447971,0.9206602950815636,0.27076811891278985,-0.14364299534969044,0.6535813891356531,-0.3698909154910124,0.12476109849447972,-0.9206602950815636,-0.8756710898052229,-0.43992077698162313,0.14006525900451847,0.14160358639249018,50.0,0.09321641393535396,0
31,16,transition,1,-0.0991141578508952,-0.019963565127262533,-0.2670864388700607,0.096119570819,0.004006046601,0.40582621662808155,-0.07164847279655386,0.9111375188429346,0.3067120587771863,-0.09161203792381639,0.6440510799728738,-0.40582621662808155,0.07164847279655387,-0.9111375188429346,-0.8707156491751809,-0.4443231005731197,0.16823706452793374,0.1269942152129639,50.0,0.09449547830220445,0
32,17,spray,0,-0.0991141578508952,-0.019963565127262533,-0.2670864388700607,0.096119570819,0.004006046601,0.40582621662808155,-0.07164847279655386,0.9111375188429346,0.3067120587771863,-0.09161203792381639,0.6440510799728738,-0.40582621662808155,0.07164847279655387,-0.9111375188429346,-0.531369633951282,-0.8204968443180923,0.08207487990852705,0.19415188556007792,50.0,0.09449547830220445,1
33,17,spray,1,0.006959092858123541,0.02363252719724806,-0.2820959721339129,-0.013482487498000004,0.024366979551,-0.009867574828357798,0.4673441712226505,0.8840203937643185,-0.0029084819702342567,0.49097669841989855,0.6019244216304056,0.009867574828357798,-0.4673441712226505,-0.8840203937643185,-0.4851086457630558,-0.8406424916027582,0.20598637039978443,-0.12473739746909729,50.0,0.10771741719648761,1
34,18,transition,0,0.006959092858123537,0.02363252719724803,-0.28209597213391285,-0.013482487498,0.024366979551,-0.009867574828357798,0.4673441712226505,0.8840203937643185,-0.002908481970234261,0.4909766984198985,0.6019244216304056,0.009867574828357798,-0.4673441712226505,-0.8840203937643185,-0.9246287857691923,0.29507932053796726,-0.07803919995792925,-0.22781502669439319,50.0,0.10771741719648761,0
35,18,transition,1,0.017204362754248716,0.022260479356727748,-0.28184033136100134,-0.024725336148,0.024318040927,0.08504844426738625,0.3992088565519324,0.9129069235021695,0.10225280702163497,0.42146933590866015,0.6310665921411682,-0.08504844426738625,-0.3992088565519324,-0.9129069235021696,-0.9282011065165806,0.30805221572402325,-0.023019997564938995,-0.20740447912478996,50.0,0.11030503666215706,0
36,19,spray,0,0.017204362754248716,0.022260479356727748,-0.28184033136100134,-0.024725336148,0.024318040927,0.08504844426738625,0.3992088565519324,0.9129069235021695,0.10225280702163497,0.42146933590866015,0.6310665921411682,-0.08504844426738625,-0.3992088565519324,-0.9129069235021696,-0.8269091225420664,0.5221826929416511,-0.07221084290125238,-0.19578593518535975,50.0,0.11030503666215706,1
37,19,spray,1,-0.0991587490038238,-0.020906514065603732,-0.26736158817289685,0.096065978891,0.0018784635669999994,0.41459201017309794,-0.05407846036689,0.9083991332145669,0.3154332611692741,-0.07498497443249373,0.6410375450416701,-0.414592010173098,0.054078460366890006,-0.908399133214567,-0.8025207737926602,0.5569200788609742,0.1901258887145925,-0.09824754364971647,50.0,0.1211126674513476,1
38,20,transition,0,-0.0991587490038238,-0.020906514065603732,-0.26736158817289685,0.096065978891,0.001878463567,0.41459201017309794,-0.05407846036689,0.9083991332145669,0.3154332611692741,-0.07498497443249373,0.6410375450416701,-0.414592010173098,0.054078460366890006,-0.908399133214567,0.35500121212439784,0.9100404968997213,-0.051334689635739464,-0.20776232341962014,50.0,0.1211126674513476,0
39,20,transition,1,-0.09910469436750217,-0.02186927568010165,-0.2673655401620357,0.096012386964,-0.000249119467,0.3681678659627962,-0.00718591488372733,0.9297315661521256,0.269063171595294,-0.029055190563828978,0.6623660259900899,-0.36816786596279627,0.00718591488372733,-0.9297315661521256,0.3529369126783005,0.9166795071044036,-0.0639222839125357,-0.17620487661623438,50.0,0.12248593135211662,0
40,21,spray,0,-0.09910469436750217,-0.02186927568010165,-0.2673655401620357,0.096012386964,-0.000249119467,0.3681678659627962,-0.00718591488372733,0.9297315661521256,0.269063171595294,-0.029055190563828978,0.6623660259900899,-0.36816786596279627,0.00718591488372733,-0.9297315661521256,0.6600429592286996,0.7274675766305216,-0.12321873768733087,-0.1412492817917243,50.0,0.12248593135211662,1
41,21,spray,1,0.027252838813865938,0.01864623776200571,-0.285810347766518,-0.035968184798000014,0.024269102304,0.1812665322675664,0.3757735377162933,0.9088105922753502,0.20851937108143234,0.394419775478299,0.6230002445088323,-0.1812665322675664,-0.3757735377162933,-0.9088105922753502,0.6320931784618808,0.7448916094839785,-0.20666686125756867,0.05369834560086328,50.0,0.13107770098116683,1
42,22,transition,0,0.02725283881386591,0.01864623776200571,-0.28581034776651787,-0.035968184798,0.024269102304,0.1812665322675664,0.3757735377162933,0.9088105922753502,0.20851937108143231,0.394419775478299,0.6230002445088323,-0.1812665322675664,-0.3757735377162933,-0.9088105922753502,0.8656866437236906,0.45276034611711197,-0.17133987743978515,0.12742586182264692,50.0,0.13107770098116683,0
43,22,transition,1,0.037234518701660016,0.012390074618663358,-0.2890416094810545,-0.047211033448,0.024220163681,0.20724552516084016,0.43141228495830275,0.8780277516615655,0.24448004386250016,0.4438023595769661,0.588986142180511,-0.20724552516084016,-0.43141228495830275,-0.8780277516615655,0.8585106765892265,0.4494143900823507,-0.1979765126556519,0.14761918779726355,50.0,0.13247609559733645,0
44,23,spray,0,0.037234518701660016,0.012390074618663358,-0.2890416094810545,-0.047211033448,0.024220163681,0.20724552516084016,0.43141228495830275,0.8780277516615655,0.24448004386250016,0.4438023595769661,0.588986142180511,-0.20724552516084016,-0.43141228495830275,-0.8780277516615655,0.7169625258712885,-0.6519038367175367,0.07063369987967254,0.23663686232395326,50.0,0.13247609559733645,1
45,23,spray,1,-0.09901429550768444,-0.022931405773721155,-0.2670995648027679,0.09595879503600001,-0.002376702500000001,0.3778240570862486,0.04079778622978104,0.924978120025353,0.2788097615785642,0.017866380456059882,0.657878555222585,-0.37782405708624867,-0.040797786229781044,-0.924978120025353,0.7010935031135959,-0.6862630398794495,-0.12306216703474418,0.14955481614457042,50.0,0.14113279594799916,1
46,24,transition,0,-0.09901429550768436,-0.02293140577372115,-0.26709956480276786,0.095958795036,-0.0023767025,0.3778240570862486,0.04079778622978104,0.924978120025353,0.27880976157856424,0.017866380456059885,0.6578785552225851,-0.3778240570862486,-0.04079778622978104,-0.924978120025353,0.7682562772392035,0.6101404366989921,-0.1637203453777093,-0.1034726461279845,50.0,0.14113279594799916,0
47,24,transition,1,-0.09887701723349254,-0.02419671850170518,-0.2670014121765428,0.095905203109,-0.004504285534,0.39083843079782415,0.10966649542971804,0.9139029383865981,0.2919614135643316,0.08546977692801286,0.6469015262100553,-0.39083843079782415,-0.10966649542971806,-0.9139029383865981,0.7619841328415331,0.6134587602203065,-0.19075604502933283,-0.08161287944600473,50.0,0.14252759777341245,0
48,25,spray,0,-0.09887701723349254,-0.02419671850170518,-0.2670014121765428,0.095905203109,-0.004504285534,0.39083843079782415,0.10966649542971804,0.9139029383865981,0.2919614135643316,0.08546977692801286,0.6469015262100553,-0.39083843079782415,-0.10966649542971806,-0.9139029383865981,0.5927564690908267,0.7781974283845167,-0.16563754963211796,-0.12495092219975258,50.0,0.14252759777341245,1
49,25,spray,1,0.047915960080679554,0.008469305576055033,-0.2886772204904212,-0.05845388209800001,0.024171225057,0.14196264356653035,0.39863799489879836,0.9060542791989163,0.1898786036472099,0.4071073004748534,0.6173770587084951,-0.14196264356653035,-0.39863799489879836,-0.9060542791989163,0.5671869931920439,0.7945602899423218,-0.2084207622491589,0.05944448051771851,50.0,0.1493023535864339,1
50,26,transition,0,0.04791596008067954,0.008469305576055054,-0.2886772204904212,-0.058453882098,0.024171225057,0.14196264356653035,0.39863799489879836,0.9060542791989163,0.18987860364720988,0.40710730047485344,0.6173770587084951,-0.14196264356653032,-0.39863799489879836,-0.9060542791989163,0.18358919639189109,0.9588128840225488,-0.21420274211263546,-0.03301583971322861,50.0,0.1493023535864339,0
51,26,transition,1,0.06020584504661256,-0.0013160327771885322,-0.2841684037715084,-0.069696730748,0.024122286434,0.08183243588035906,0.42711655850602515,0.9004859232036091,0.14203828092697163,0.4258005257288366,0.6163175194321007,-0.08183243588035907,-0.42711655850602515,-0.9004859232036091,0.17618734144445072,0.9587496974270924,-0.2230564853860379,-0.0016860383814551077,50.0,0.15032982733731046,0
52,27,spray,0,0.06020584504661256,-0.0013160327771885322,-0.2841684037715084,-0.069696730748,0.024122286434,0.08183243588035906,0.42711655850602515,0.9004859232036091,0.14203828092697163,0.4258005257288366,0.6163175194321007,-0.08183243588035907,-0.42711655850602515,-0.9004859232036091,-0.7806615317782728,0.5837898032711819,-0.0975870721567658,-0.20058365273886516,50.0,0.15032982733731046,1
53,27,spray,1,-0.09870460681658284,-0.025279345267185324,-0.266517765052975,0.09585161118099998,-0.006631868568,0.31956650976738393,0.17644762760462687,0.930990591009271,0.2208619029508011,0.15116828233744156,0.664472825956296,-0.31956650976738393,-0.1764476276046269,-0.930990591009271,-0.7714680331778336,0.6085493975753822,0.07206573140504725,-0.17120524189527658,50.0,0.15612482400842548,1
54,28,transition,0,-0.09870460681658284,-0.025279345267185324,-0.26651776505297486,0.095851611181,-0.006631868568,0.31956650976738393,0.17644762760462687,0.930990591009271,0.2208619029508011,0.15116828233744156,0.6644728259562961,-0.31956650976738393,-0.1764476276046269,-0.930990591009271,0.30491060073168574,0.9340903709310348,-0.13581487533242417,-0.12672420500363246,50.0,0.15612482400842548,0
55,28,transition,1,-0.0986595067087375,-0.02596414472487856,-0.2663708283743744,0.095798019254,-0.008759451601,0.27568278258802265,0.21034954426758617,0.937950996913455,0.17702327587928515,0.1843853995427076,0.6715801685390805,-0.27568278258802265,-0.21034954426758617,-0.937950996913455,0.3009610692279292,0.9372288585323806,-0.14454206980892392,-0.10065829125623349,50.0,0.15723400684592936,0
56,29,spray,0,-0.0986595067087375,-0.02596414472487856,-0.2663708283743744,0.095798019254,-0.008759451601,0.27568278258802265,0.21034954426758617,0.937950996913455,0.17702327587928515,0.1843853995427076,0.6715801685390805,-0.27568278258802265,-0.21034954426758617,-0.937950996913455,0.5540193455417973,0.8136572148160218,-0.1671280747702031,-0.055612122481325535,50.0,0.15723400684592936,1
57,29,spray,1,0.07169853551749315,-0.004582718917415332,-0.28410435652865523,-0.080939579398,0.024073347810999998,0.03230010987753829,0.3604874987691812,0.9322046267494271,0.10399864539503145,0.35590477985176583,0.6481002702207719,-0.0323001098775383,-0.3604874987691812,-0.9322046267494271,0.5392767960305662,0.8217559556448134,-0.16232827748835846,0.08687471987263604,50.0,0.16099181472308344,1
58,30,transition,0,0.07169853551749313,-0.004582718917415331,-0.2841043565286553,-0.080939579398,0.024073347811,0.03230010987753829,0.3604874987691812,0.9322046267494271,0.10399864539503142,0.35590477985176583,0.6481002702207718,-0.0323001098775383,-0.3604874987691812,-0.9322046267494271,-0.22590226965463217,0.9565931621852624,-0.17469330296154517,-0.058137221516617786,50.0,0.16099181472308344,0
59,30,transition,1,0.08307060797075239,-0.005812273549519844,-0.28266764611993245,-0.092182428048,0.024024409187,-0.026237130756219626,0.33967714614231875,0.9401760735938194,0.05683347721453276,0.3338648725927989,0.6575084274738869,0.026237130756219626,-0.33967714614231875,-0.9401760735938194,-0.23148122522104694,0.9573424043502264,-0.17073746216798022,-0.02758046800777352,50.0,0.1620498929856667,0
60,31,spray,0,0.08307060797075239,-0.005812273549519844,-0.28266764611993245,-0.092182428048,0.024024409187,-0.026237130756219626,0.33967714614231875,0.9401760735938194,0.05683347721453276,0.3338648725927989,0.6575084274738869,0.026237130756219626,-0.33967714614231875,-0.9401760735938194,-0.949159476580372,0.2630291330149264,-0.05888548369670335,-0.16261753599441728,50.0,0.1620498929856667,1
61,31,spray,1,-0.09859439586430913,-0.027011408340461875,-0.26655151919347597,0.095744427326,-0.010887034634999997,0.3218873182118815,0.25038875559479773,0.9130684670089378,0.22329292234757236,0.22337734725433586,0.6465169478154619,-0.3218873182118815,-0.25038875559479773,-0.9130684670089378,-0.9356441080209846,0.2847882312001055,0.12015471786682837,-0.1703778455958227,50.0,0.1660517451945569,1
62,32,transition,0,-0.09859439586430911,-0.02701140834046187,-0.26655151919347597,0.095744427326,-0.010887034635,0.3218873182118815,0.25038875559479773,0.9130684670089378,0.22329292234757236,0.22337734725433586,0.6465169478154619,-0.3218873182118815,-0.25038875559479773,-0.9130684670089378,-0.3960165863851758,-0.894262319910831,0.18367661820599976,0.09863400235181838,50.0,0.1660517451945569,0
63,32,transition,1,-0.0981811130514199,-0.02919873027384766,-0.2660084121362978,0.095690835398,-0.013014617669,0.21147822556300705,0.3675110847458748,0.9056558743262434,0.11329711251158715,0.3383123544720271,0.6396474621899456,-0.21147822556300705,-0.3675110847458748,-0.9056558743262434,-0.3798679986602674,-0.8991819842261991,0.215565235175003,0.026527197756716643,50.0,0.16923647902320657,0
64,33,spray,0,-0.0981811130514199,-0.02919873027384766,-0.2660084121362978,0.095690835398,-0.013014617669,0.21147822556300705,0.3675110847458748,0.9056558743262434,0.11329711251158715,0.3383123544720271,0.6396474621899456,-0.21147822556300705,-0.3675110847458748,-0.9056558743262434,0.7902258420738358,-0.5730366966275536,0.0228172251279893,0.21598943741381657,50.0,0.16923647902320657,1
65,33,spray,1,0.09478094378283386,-0.008549030582730472,-0.28148420463747587,-0.103425276698,0.023975470563999998,0.05750355191003606,0.25849839680556,0.964298667616359,0.15228449569286992,0.24994936622282957,0.682814462978883,-0.05750355191003606,-0.25849839680556,-0.964298667616359,0.81660104409897,-0.561526551985435,0.04999049001138585,0.12390164284722814,50.0,0.17135226953237936,1
66,34,transition,0,0.09478094378283386,-0.008549030582730474,-0.28148420463747587,-0.103425276698,0.023975470564,0.05750355191003606,0.25849839680556,0.964298667616359,0.15228449569286992,0.24994936622282954,0.682814462978883,-0.05750355191003606,-0.25849839680556,-0.964298667616359,0.9123548858406323,-0.38698565359830367,0.0242180709521779,0.1313931171377551,50.0,0.17135226953237936,0
67,34,transition,1,0.10631588250242795,-0.010452203540837719,-0.28189706147457966,-0.114668125348,0.023926531941,0.10591664156032722,0.19940473237594997,0.9741762765263057,0.21223252406275517,0.18895252883511224,0.6922792150517261,-0.1059166415603272,-0.1994047323759499,-0.9741762765263056,0.9130715136007543,-0.3916485022491221,-0.009428187173497674,0.11323855802450292,50.0,0.17307319507505,0
68,35,spray,0,0.10631588250242795,-0.010452203540837719,-0.28189706147457966,-0.114668125348,0.023926531941,0.10591664156032722,0.19940473237594997,0.9741762765263057,0.21223252406275517,0.18895252883511224,0.6922792150517261,-0.1059166415603272,-0.1994047323759499,-0.9741762765263056,-0.3549864008864621,-0.9279400807427324,0.11277342023106687,0.013929013828495374,50.0,0.17307319507505,1
69,35,spray,1,-0.09757938192310169,-0.03163171347663721,-0.26549539220701346,0.095586817976,-0.015132833084999998,0.11065208910306812,0.3882976019690227,0.9148667047620834,0.013072707179966433,0.35666588849238545,0.64937131255507,-0.11065208910306812,-0.38829760196902263,-0.9148667047620834,-0.34852964841736545,-0.9143087205944769,0.20554402893899718,-0.01784095811561043,50.0,0.178350826807749,1
70,36,transition,0,-0.09757938192310169,-0.031631713476637215,-0.26549539220701346,0.095586817976,-0.015132833085,0.11065208910306812,0.3882976019690227,0.9148667047620834,0.013072707179966433,0.35666588849238545,0.64937131255507,-0.11065208910306812,-0.3882976019690227,-0.9148667047620834,0.22051393380546977,-0.9533136720821109,0.18057083789799186,0.09980390833917996,50.0,0.178350826807749,0
71,36,transition,1,-0.09598719372826206,-0.034910187974120106,-0.26450207065829134,0.095106984902,-0.017181232684,0.045909202141162,0.3631529799006328,0.930597796229957,-0.05007799158710006,0.3282427919265127,0.6660957255716656,-0.045909202141162,-0.3631529799006328,-0.930597796229957,0.22697807322553745,-0.9559183293513107,0.17441447838477306,0.06542699454192466,50.0,0.17977569019262649,0
72,37,spray,0,-0.09598719372826206,-0.034910187974120106,-0.26450207065829134,0.095106984902,-0.017181232684,0.045909202141162,0.3631529799006328,0.930597796229957,-0.05007799158710006,0.3282427919265127,0.6660957255716656,-0.045909202141162,-0.3631529799006328,-0.930597796229957,0.9386959744148307,-0.29008406666407927,0.032243955791211296,0.18347051316207713,50.0,0.17977569019262649,1
73,37,spray,1,0.10964808080570054,-0.012073235737257642,-0.2818482862319456,-0.1176972122,0.022351710903999997,0.11139969976597705,0.15715137471972945,0.9812713958511934,0.2210477805716776,0.14507813898247182,0.6994231096192478,-0.11139969976597705,-0.15715137471972945,-0.9812713958511934,0.948742856315308,-0.30086988968035255,-0.029479834360858482,0.09216963404755213,50.0,0.18635350712362295,1
74,38,transition,0,0.10964808080570054,-0.012073235737257644,-0.28184828623194563,-0.1176972122,0.022351710904,0.11139969976597705,0.15715137471972945,0.9812713958511934,0.2210477805716776,0.14507813898247182,0.6994231096192478,-0.11139969976597705,-0.15715137471972945,-0.9812713958511934,0.762955670756872,-0.6391669127743774,0.007799500054940607,0.0964544963871375,50.0,0.18635350712362295,0
75,38,transition,1,0.11092337522841093,-0.013660760572046429,-0.28159713961110305,-0.118697586289,0.020400012962,0.11447365487123777,0.1354925755226919,0.9841430507393977,0.2253970300996487,0.12183181495064546,0.7025459111282946,-0.11447365487123777,-0.1354925755226919,-0.9841430507393976,0.7630430662888196,-0.640184976673348,-0.0003064382487968357,0.08904145509761682,50.0,0.18683060645991012,0
76,39,spray,0,0.11092337522841093,-0.013660760572046429,-0.28159713961110305,-0.118697586289,0.020400012962,0.11447365487123777,0.1354925755226919,0.9841430507393977,0.2253970300996487,0.12183181495064546,0.7025459111282946,-0.11447365487123777,-0.1354925755226919,-0.9841430507393976,-0.2314934638606196,-0.9687529620907028,0.07950975949392591,0.04008332291014922,50.0,0.18683060645991012,1
77,39,spray,1,-0.09437967601429714,-0.03808889148242393,-0.2636372936937428,0.09462715182799998,-0.019229632284000004,0.04606928108350483,0.29509480702303575,0.9543566818587725,-0.04831039493079231,0.2570059155406118,0.6907193881650298,-0.04606928108350483,-0.29509480702303575,-0.9543566818587725,-0.22378946723279025,-0.9628585645280673,0.15066051396478908,-0.011093628913901317,50.0,0.19294052163550796,1
78,40,transition,0,-0.09437967601429714,-0.038088891482423934,-0.2636372936937427,0.094627151828,-0.019229632284,0.04606928108350483,0.29509480702303575,0.9543566818587725,-0.04831039493079231,0.2570059155406118,0.6907193881650298,-0.04606928108350483,-0.29509480702303575,-0.9543566818587725,0.6566970335209892,-0.7388689647658232,0.09608421844998112,0.11657393377367883,50.0,0.19294052163550796,0
79,40,transition,1,-0.0926527896497061,-0.040823489073346854,-0.26315424270107696,0.093911424281,-0.021234209425,0.033536035218230585,0.20543354479224948,0.9780963107056138,-0.05911675443147551,0.16461005571890264,0.7149420680045369,-0.033536035218230585,-0.20543354479224948,-0.9780963107056138,0.6605904980594784,-0.7434166726852021,0.06600747163471206,0.08120873312388163,50.0,0.19486307312105608,0
80,41,spray,0,-0.0926527896497061,-0.040823489073346854,-0.26315424270107696,0.093911424281,-0.021234209425,0.033536035218230585,0.20543354479224948,0.9780963107056138,-0.05911675443147551,0.16461005571890264,0.7149420680045369,-0.033536035218230585,-0.20543354479224948,-0.9780963107056138,0.9919331928610556,-0.07153108592268619,-0.009388128295613411,0.10422911154902093,50.0,0.19486307312105608,1
81,41,spray,1,0.11189662742540292,-0.014796246336148424,-0.28148231789401423,-0.119475548673,0.018406997276,0.11447365487123769,0.13549257552269173,0.9841430507393977,0.2263702822966406,0.1206963291865433,0.7026607328453834,-0.11447365487123769,-0.13549257552269173,-0.9841430507393977,0.9931053358596518,-0.07624511300265009,-0.05208986856956685,0.07221578928950699,50.0,0.20064518673844725,1
82,42,transition,0,0.11189662742540292,-0.014796246336148424,-0.28148231789401423,-0.119475548673,0.018406997276,0.11447365487123769,0.13549257552269173,0.9841430507393977,0.2263702822966406,0.1206963291865433,0.7026607328453834,-0.11447365487123769,-0.13549257552269173,-0.9841430507393977,0.7527526263704514,-0.6522537917575387,0.001111412699956188,0.08903504586460095,50.0,0.20064518673844725,0
83,42,transition,1,0.11285008219057327,-0.015932879568338807,-0.2813314567748832,-0.120253511057,0.016413981591,0.12362030656088235,0.0681599023932015,0.9899859834924648,0.23647038875145562,0.05222702282486269,0.7086545267175817,-0.12362030656088235,-0.0681599023932015,-0.9899859834924649,0.7523873232394488,-0.6549093888278056,-0.024307604140806266,0.06645410923864285,50.0,0.2020345727365098,0
84,43,spray,0,0.11285008219057327,-0.015932879568338807,-0.2813314567748832,-0.120253511057,0.016413981591,0.12362030656088235,0.0681599023932015,0.9899859834924648,0.23647038875145562,0.05222702282486269,0.7086545267175817,-0.12362030656088235,-0.0681599023932015,-0.9899859834924649,-0.07483894104558846,-0.9946819213444101,0.038718381006202854,0.059227487081811324,50.0,0.2020345727365098,1
85,43,spray,1,-0.09078259405908815,-0.04339475683134461,-0.2630314309175494,0.093013572765,-0.023204953134,0.06462442351303643,0.1355428164869358,0.9886616351332728,-0.026158170546051712,0.0921480596555912,0.7256302042157234,-0.06462442351303643,-0.1355428164869358,-0.9886616351332729,-0.07214300262999612,-0.994548241533896,0.07013061814095388,0.027402168391047626,50.0,0.2073583166434552,1
86,44,transition,0,-0.09078259405908815,-0.04339475683134461,-0.2630314309175494,0.093013572765,-0.023204953134,0.06462442351303643,0.1355428164869358,0.9886616351332728,-0.026158170546051712,0.0921480596555912,0.7256302042157234,-0.06462442351303643,-0.1355428164869358,-0.9886616351332729,0.7588349201077073,-0.6469160545169413,0.019432946321072272,0.07274299300032923,50.0,0.2073583166434552,0
87,44,transition,1,-0.08648681715876634,-0.045695375327044076,-0.2637499992126018,0.0893925976,-0.024669818222,0.07367117500275562,0.05521335859018367,0.9957530030117434,-0.01281564215601072,0.009517983263139594,0.7320030037991416,-0.07367117500275562,-0.05521335859018367,-0.9957530030117434,0.7591313209836689,-0.6493043500604794,-0.01005927209124054,0.04497009605418546,50.0,0.2090371692472286,0
88,45,spray,0,-0.08648681715876634,-0.045695375327044076,-0.2637499992126018,0.0893925976,-0.024669818222,0.07367117500275562,0.05521335859018367,0.9957530030117434,-0.01281564215601072,0.009517983263139594,0.7320030037991416,-0.07367117500275562,-0.05521335859018367,-0.9957530030117434,0.9965497634688139,0.06902948961221411,-0.03869634261864008,0.02502182171763475,50.0,0.2090371692472286,1
89,45,spray,1,0.11312882267001077,-0.01699249414599425,-0.2811410422895139,-0.120399993868,0.014303655031000003,0.13125116958010713,0.061717683087669686,0.9894261256294701,0.24437999225011792,0.04472518894167544,0.7082850833399561,-0.13125116958010713,-0.061717683087669686,-0.9894261256294701,0.9950145371331135,0.06825784723026995,-0.06776302783742708,0.02636492449389982,50.0,0.21425067790993052,1
90,46,transition,0,0.11312882267001077,-0.016992494145994252,-0.2811410422895139,-0.120399993868,0.014303655031,0.13125116958010713,0.061717683087669686,0.9894261256294701,0.24437999225011792,0.04472518894167543,0.7082850833399561,-0.13125116958010713,-0.061717683087669686,-0.9894261256294701,0.5211784206794319,-0.8503447045950413,-0.008004304394854165,0.07226941466775189,50.0,0.21425067790993052,0
91,46,transition,1,0.11324888341567675,-0.017805248368727915,-0.2811446160359477,-0.12044890213,0.012175201906,0.12467397481506427,0.04971614052456958,0.9909514142354074,0.23792285823074102,0.03191089215584167,0.7098067981994598,-0.12467397481506427,-0.04971614052456959,-0.9909514142354074,0.5211277803899445,-0.8508240379911427,-0.011387211245445426,0.06629196257728312,50.0,0.21453927201795994,0
92,47,spray,0,0.11324888341567675,-0.017805248368727915,-0.2811446160359477,-0.12044890213,0.012175201906,0.12467397481506427,0.04971614052456958,0.9909514142354074,0.23792285823074102,0.03191089215584167,0.7098067981994598,-0.12467397481506427,-0.04971614052456959,-0.9909514142354074,0.23185645840087632,-0.9704217072054325,0.009713524684661402,0.06655779684226917,50.0,0.21453927201795994,1
93,47,spray,1,-0.07739576064933644,-0.04715412756898035,-0.2643742971869594,0.08081749877100002,-0.025214348589,0.0403095825325061,-0.06033630736433705,0.9973638591655962,-0.03708617811683034,-0.1074904349333174,0.7329895619786368,-0.0403095825325061,0.06033630736433705,-0.9973638591655962,0.2297968330692657,-0.9725612294833339,-0.034016720273211384,0.012685943364841286,50.0,0.22072312649889592,1
94,48,transition,0,-0.07739576064933643,-0.04715412756898035,-0.2643742971869593,0.080817498771,-0.025214348589,0.0403095825325061,-0.06033630736433705,0.9973638591655962,-0.03708617811683033,-0.1074904349333174,0.7329895619786368,-0.0403095825325061,0.06033630736433705,-0.9973638591655962,-0.9643956014140798,-0.26196002282022635,0.011549564957470379,0.03441915115883952,50.0,0.22072312649889592,0
95,48,transition,1,-0.06394992534039205,-0.04787162883892271,-0.265479651757275,0.068757640722,-0.025111510195,0.1767263798961401,0.02948398071280001,0.9838183173381824,0.11277645455574804,-0.0183876481261227,0.7183386655809074,-0.1767263798961401,-0.02948398071280001,-0.9838183173381825,-0.9603379621463856,-0.26393210704576753,0.08947332481472137,0.009239343997719902,50.0,0.22422242723210656,0
96,49,spray,0,-0.06394992534039205,-0.04787162883892271,-0.265479651757275,0.068757640722,-0.025111510195,0.1767263798961401,0.02948398071280001,0.9838183173381824,0.11277645455574804,-0.0183876481261227,0.7183386655809074,-0.1767263798961401,-0.02948398071280001,-0.9838183173381825,-0.9783631142497767,-0.18631901498389603,0.08992557236231961,0.002057368760834708,50.0,0.22422242723210656,1
97,49,spray,1,0.11335966450034124,-0.018740237942208363,-0.2810451949020498,-0.120497810393,0.010046748781000002,0.12467397481506416,0.04971614052456952,0.9909514142354074,0.2380336393154054,0.030975902582361155,0.7099062193333576,-0.12467397481506415,-0.04971614052456952,-0.9909514142354074,-0.9802106008434412,-0.18617971186958948,0.06603018413266135,-0.012818255173896795,50.0,0.22692036930874065,1
98,50,transition,0,0.11335966450034124,-0.018740237942208363,-0.2810451949020498,-0.120497810393,0.010046748781,0.12467397481506416,0.04971614052456952,0.9909514142354074,0.2380336393154054,0.030975902582361155,0.7099062193333576,-0.12467397481506415,-0.04971614052456952,-0.9909514142354074,-0.8341570634067627,0.5474099932283933,0.0385657651000857,-0.05510875288501188,50.0,0.22692036930874065,0
99,50,transition,1,0.11349898841812893,-0.019697624434821922,-0.28094527610291714,-0.120546718656,0.007918295656,0.14434060488334827,0.00459615603768937,0.9895173900096887,0.2578395933014772,-0.015101468397132552,0.7085721139067716,-0.14434060488334827,-0.0045961560376893695,-0.9895173900096887,-0.8329472948063913,0.5485959342535806,0.05916343553662453,-0.041725206897741424,50.0,0.22792379937944204,0
100,51,spray,0,0.11349898841812893,-0.019697624434821922,-0.28094527610291714,-0.120546718656,0.007918295656,0.14434060488334827,0.00459615603768937,0.9895173900096887,0.2578395933014772,-0.015101468397132552,0.7085721139067716,-0.14434060488334827,-0.0045961560376893695,-0.9895173900096887,-0.9802451343399589,-0.1840602390731913,0.07154254892087687,0.011089124810353356,50.0,0.22792379937944204,1
101,51,spray,1,-0.05146460770597635,-0.04864256457835568,-0.26852338743172766,0.056697782674,-0.025008671800000003,0.5381745257036705,0.12920453883586144,0.8328711587201478,0.4867099179976942,0.08056197425750576,0.5643477712884202,-0.5381745257036705,-0.12920453883586144,-0.8328711587201478,-0.9405956053892928,-0.1780884232128062,0.288735203172761,-0.01401438863134891,50.0,0.23366257209809138,1
102,52,transition,0,-0.05146460770597635,-0.04864256457835568,-0.26852338743172766,0.056697782674,-0.0250086718,0.5381745257036705,0.12920453883586144,0.8328711587201478,0.4867099179976942,0.08056197425750576,0.5643477712884202,-0.5381745257036705,-0.12920453883586144,-0.8328711587201478,-0.4600581270959051,-0.8395130130337956,0.1942637671762606,0.21407010394357662,50.0,0.23366257209809138,0
103,52,transition,1,-0.047522046630187616,-0.047553033661867625,-0.2792654168436927,0.044637924625,-0.024905833405,0.281982641232647,0.4684197622815762,0.8372984631226382,0.23446059460245938,0.4208667286197086,0.5580330462789456,-0.28198264123264694,-0.4684197622815761,-0.8372984631226381,-0.4091675343901417,-0.8667359230829256,0.2837722817332958,0.028706454998134064,50.0,0.24213551545319104,0
104,53,spray,0,-0.047522046630187616,-0.047553033661867625,-0.2792654168436927,0.044637924625,-0.024905833405,0.281982641232647,0.4684197622815762,0.8372984631226382,0.23446059460245938,0.4208667286197086,0.5580330462789456,-0.28198264123264694,-0.4684197622815761,-0.8372984631226381,0.6861122481562953,-0.6692527284152326,0.0653238776618771,0.2776392613552647,50.0,0.24213551545319104,1
105,53,spray,1,0.1135539154612989,-0.020488683263754456,-0.28093323733468434,-0.120595626919,0.005789842531000001,0.14434060488334827,0.00459615603768937,0.9895173900096887,0.25789452034464716,-0.015892527226065087,0.7085841526750044,-0.14434060488334827,-0.0045961560376893695,-0.9895173900096887,0.7065426543997199,-0.7039575076086926,-0.04963379363202687,0.05270475808548054,50.0,0.25138696792466214,1
106,54,transition,0,0.1135539154612989,-0.020488683263754456,-0.28093323733468434,-0.120595626919,0.005789842531,0.14434060488334827,0.00459615603768937,0.9895173900096887,0.25789452034464716,-0.015892527226065087,0.7085841526750044,-0.14434060488334827,-0.0045961560376893695,-0.9895173900096887,0.7260302802132617,-0.6838411564232568,-0.051094104359248035,0.05129032554860544,50.0,0.25138696792466214,0
107,54,transition,1,0.11358726984134537,-0.02126372746842981,-0.28102425912971934,-0.120644535181,0.003661389406,0.14434060488334827,0.00459615603768937,0.9895173900096887,0.25792787472469364,-0.01666757143074044,0.7084931308799693,-0.14434060488334827,-0.0045961560376893695,-0.9895173900096887,0.7260302802132617,-0.6838411564232568,-0.051094104359248035,0.05129032554860544,50.0,0.25140258958911943,0
108,55,spray,0,0.11358726984134537,-0.02126372746842981,-0.28102425912971934,-0.120644535181,0.003661389406,0.14434060488334827,0.00459615603768937,0.9895173900096887,0.25792787472469364,-0.01666757143074044,0.7084931308799693,-0.14434060488334827,-0.0045961560376893695,-0.9895173900096887,0.054230064055040286,-0.9959004946064796,-0.0016337058392477824,0.07237842220155441,50.0,0.25140258958911943,1
109,55,spray,1,-0.036740980761287075,-0.046377326775795986,-0.27996469954476055,0.032578066576,-0.02480299501,-0.0238690549942153,-0.004950862229321396,0.9997028344347482,-0.060610035755502376,-0.05132818900511738,0.7197381348899876,0.0238690549942153,0.0049508622293213955,-0.9997028344347482,0.0541068105497771,-0.9984607504902256,-0.001826152925126983,-0.012051885666566536,50.0,0.2578148967850954,1
110,56,transition,0,-0.036740980761287075,-0.046377326775795986,-0.27996469954476055,0.032578066576,-0.02480299501,-0.0238690549942153,-0.004950862229321396,0.9997028344347482,-0.060610035755502376,-0.05132818900511738,0.7197381348899876,0.0238690549942153,0.0049508622293213955,-0.9997028344347482,0.45235785478023316,-0.891753210499407,0.003191677840913367,-0.011764181874901644,50.0,0.2578148967850954,0
111,56,transition,1,-0.024692498950878397,-0.04953384904504499,-0.2799321388632111,0.020518208528,-0.024700156616,-0.18769150766777684,-0.21017212510319777,0.9594788042364473,-0.21238400661865525,-0.25970597414824276,0.6795466653732362,0.18769150766777687,0.21017212510319777,-0.9594788042364473,0.44868626658475586,-0.8822811549027084,-0.05165470695597956,-0.1326363039709274,50.0,0.2630330188148927,0
112,57,spray,0,-0.024692498950878397,-0.04953384904504499,-0.2799321388632111,0.020518208528,-0.024700156616,-0.18769150766777684,-0.21017212510319777,0.9594788042364473,-0.21238400661865525,-0.25970597414824276,0.6795466653732362,0.18769150766777687,0.21017212510319777,-0.9594788042364473,0.9721977049300258,0.18593284983298203,0.1130663698358772,-0.08646729956413012,50.0,0.2630330188148927,1
113,57,spray,1,0.11368513306027309,-0.022160218950608077,-0.2809885628875883,-0.120693443444,0.0015329362809999997,0.15335204310363276,-0.041756064411899614,0.9872890062999643,0.2670371761639059,-0.0639162833625077,0.7063004434123761,-0.1533520431036328,0.04175606441189962,-0.9872890062999644,0.9770453170255625,0.19755240223393872,-0.07124423487950904,-0.03577367532769344,50.0,0.273404017574086,1
114,58,transition,0,0.11368513306027309,-0.022160218950608077,-0.2809885628875883,-0.120693443444,0.001532936281,0.15335204310363276,-0.041756064411899614,0.9872890062999643,0.2670371761639059,-0.0639162833625077,0.7063004434123761,-0.1533520431036328,0.04175606441189962,-0.9872890062999644,0.7178914105502102,-0.6915753218617707,-0.06992821767705584,0.038282387889578835,50.0,0.273404017574086,0
115,58,transition,1,0.11371018344373593,-0.022918939532215864,-0.28102812255911197,-0.120742351707,-0.0005955168430000002,0.1533520431036328,-0.04175606441189973,0.9872890062999643,0.2670622265473687,-0.0646750039441156,0.7062608837408524,-0.1533520431036328,0.04175606441189973,-0.9872890062999644,0.7178914105502102,-0.6915753218617707,-0.06992821767705587,0.038282387889578794,50.0,0.273419220855446,0
116,59,spray,0,0.11371018344373593,-0.022918939532215864,-0.28102812255911197,-0.120742351707,-0.000595516843,0.1533520431036328,-0.04175606441189973,0.9872890062999643,0.2670622265473687,-0.0646750039441156,0.7062608837408524,-0.1533520431036328,0.04175606441189973,-0.9872890062999644,0.3479478207045004,-0.9341182030219574,-0.04647719016177308,0.06477165772685041,50.0,0.273419220855446,1
117,59,spray,1,-0.01233746551534272,-0.060771241925733466,-0.2816827514676656,0.008458350478999996,-0.024597318221,-0.1218301979532878,-0.33728813304169514,0.9334849319490436,-0.13416766346863052,-0.3980593749674286,0.6518021804813781,0.1218301979532878,0.33728813304169514,-0.9334849319490437,0.3293040442450976,-0.92644552587745,-0.14086476723471872,-0.1158216360503802,50.0,0.28390914580933513,1
118,60,transition,0,-0.01233746551534272,-0.06077124192573346,-0.2816827514676656,0.008458350479,-0.024597318221,-0.1218301979532878,-0.33728813304169514,0.9334849319490436,-0.13416766346863052,-0.3980593749674286,0.6518021804813781,0.1218301979532878,0.33728813304169514,-0.9334849319490437,0.9701106663084472,-0.16008672989696043,0.033200889854646115,-0.17931880809981388,50.0,0.28390914580933513,0
119,60,transition,1,-0.00139957554048679,-0.06137071846767442,-0.2836166259368612,-0.0036015075700000006,-0.024494479826,-0.05237998202604387,-0.36193692430290064,0.9307298213279231,-0.053779557566530654,-0.4233076427705751,0.6471131953910619,0.05237998202604387,0.3619369243029007,-0.9307298213279231,0.9704866183233096,-0.1533643841292642,-0.0024209300614876426,-0.186089302308531,50.0,0.28559695020306847,0
120,61,spray,0,-0.0013995755404867904,-0.06137071846767442,-0.2836166259368612,-0.00360150757,-0.024494479826,-0.05237998202604387,-0.36193692430290064,0.9307298213279231,-0.053779557566530654,-0.4233076427705751,0.6471131953910619,0.05237998202604387,0.3619369243029007,-0.9307298213279231,0.8985796927207135,0.39739079819984474,0.09887348778251588,-0.15766776065435548,50.0,0.28559695020306847,1
121,61,spray,1,0.11373008888582439,-0.02367453228893906,-0.281072490586022,-0.12079125997,-0.0027239699679999993,0.1533520431036328,-0.04175606441189973,0.9872890062999643,0.2670821319894572,-0.06543059670083878,0.7062165157139423,-0.1533520431036328,0.041756064411899725,-0.9872890062999643,0.9055114941754417,0.41676544610384975,-0.06111821304723079,-0.05118653029783504,50.0,0.2952824322540871,1
122,62,transition,0,0.11373008888582439,-0.02367453228893906,-0.281072490586022,-0.12079125997,-0.002723969968,0.1533520431036328,-0.04175606441189973,0.9872890062999643,0.2670821319894572,-0.06543059670083878,0.7062165157139423,-0.1533520431036328,0.041756064411899725,-0.9872890062999643,0.6438015799980978,-0.7610282706588073,-0.06567028384962659,0.04519856932611199,50.0,0.2952824322540871,0
123,62,transition,1,0.11370992445948411,-0.02456748435289037,-0.28126706102646404,-0.120840168232,-0.004852423093,0.15180303147776517,-0.04994641138695534,0.9871480110012509,0.2655129559372493,-0.07451389573984571,0.7058809499747869,-0.15180303147776517,0.04994641138695534,-0.9871480110012509,0.6435248324299591,-0.7612159979576221,-0.06829336668989894,0.041976309574968326,50.0,0.2954669112385598,0
124,63,spray,0,0.11370992445948411,-0.02456748435289037,-0.28126706102646404,-0.120840168232,-0.004852423093,0.15180303147776517,-0.04994641138695534,0.9871480110012509,0.2655129559372493,-0.07451389573984571,0.7058809499747869,-0.15180303147776517,0.04994641138695534,-0.9871480110012509,0.44771827718599344,-0.8905741685981192,-0.05658661302414817,0.05677983555655898,50.0,0.2954669112385598,1
125,63,spray,1,0.009161671725446668,-0.05875595323622554,-0.28220557533744267,-0.015661365617999995,-0.024391641430999998,-0.02232079550895745,-0.37227327031582425,0.9278547269353155,-0.013159123783510782,-0.43102922355204976,0.6456491515978728,0.02232079550895745,0.37227327031582425,-0.9278547269353155,0.4278256632910665,-0.8836812577492049,-0.16568753762015734,-0.09284544366694181,50.0,0.3045968439111846,1
126,64,transition,0,0.009161671725446671,-0.05875595323622555,-0.28220557533744267,-0.015661365618,-0.024391641431,-0.02232079550895745,-0.37227327031582425,0.9278547269353155,-0.013159123783510779,-0.4310292235520498,0.6456491515978728,0.02232079550895745,0.37227327031582425,-0.9278547269353155,0.9429223983808219,0.27354106474059076,0.06373862255018826,-0.17891345541279716,50.0,0.3045968439111846,0
127,64,transition,1,0.019859441836039927,-0.058094007988177876,-0.2790773987395807,-0.027721223667,-0.024288803037,0.028911980425620168,-0.3368198499839211,0.9411251171043505,0.04877142226166009,-0.394913857972099,0.6620477183647698,-0.028911980425620164,0.3368198499839211,-0.9411251171043505,0.9448762149857002,0.2788754146683999,0.03431645498456175,-0.16810658037422954,50.0,0.30606771102366415,0
128,65,spray,0,0.019859441836039927,-0.058094007988177876,-0.2790773987395807,-0.027721223667,-0.024288803037,0.028911980425620168,-0.3368198499839211,0.9411251171043505,0.04877142226166009,-0.394913857972099,0.6620477183647698,-0.028911980425620164,0.3368198499839211,-0.9411251171043505,0.8741256641503219,0.45438626940735544,0.06582451068156668,-0.1584442338532932,50.0,0.30606771102366415,1
129,65,spray,1,0.113704920791095,-0.02531592811221355,-0.28128447977314924,-0.120889076495,-0.0069808762180000004,0.1511984560148623,-0.058954126797139184,0.9867438562424946,0.26490337680595727,-0.08427005490935273,0.7054593764693453,-0.15119845601486226,0.058954126797139184,-0.9867438562424946,0.8784300510019613,0.47088488361587816,-0.05287881473140632,-0.06190236531308289,50.0,0.31368603541202705,1
130,66,transition,0,0.113704920791095,-0.025315928112213545,-0.28128447977314924,-0.120889076495,-0.006980876218,0.1511984560148623,-0.058954126797139184,0.9867438562424946,0.26490337680595727,-0.08427005490935273,0.7054593764693453,-0.15119845601486226,0.058954126797139184,-0.9867438562424946,0.7039826941463442,-0.7055354664818078,-0.07451152965784677,0.03280402150347705,50.0,0.31368603541202705,0
131,66,transition,1,0.11364804338590184,-0.026267858217577322,-0.2814789105301571,-0.120937984758,-0.009109329343,0.1510778493238371,-0.07742015005770453,0.9854854660565657,0.26472589270973895,-0.10368800827528185,0.7040065555264086,-0.1510778493238371,0.07742015005770453,-0.9854854660565657,0.7032625667695274,-0.705807689961663,-0.08103364951130375,0.02628335249918352,50.0,0.3140754961172172,0
132,67,spray,0,0.11364804338590184,-0.026267858217577322,-0.2814789105301571,-0.120937984758,-0.009109329343,0.1510778493238371,-0.07742015005770453,0.9854854660565657,0.26472589270973895,-0.10368800827528185,0.7040065555264086,-0.1510778493238371,0.07742015005770453,-0.9854854660565657,0.5039732764539175,-0.859507806624574,-0.07186273811984856,0.04574946821150186,50.0,0.3140754961172172,1
133,67,spray,1,0.03116334077617361,-0.05610108289390074,-0.27809278884273664,-0.039781081715,-0.024185964642,0.13693988533373055,-0.2147370023725839,0.9670240367316738,0.16810322610990416,-0.2708380852664846,0.6889312478889371,-0.13693988533373055,0.21473700237258386,-0.9670240367316738,0.49741482145946186,-0.8579571747810543,-0.12829079654247008,0.00542707625353049,50.0,0.31794860096162264,1
134,68,transition,0,0.03116334077617361,-0.05610108289390074,-0.27809278884273664,-0.039781081715,-0.024185964642,0.13693988533373055,-0.2147370023725839,0.9670240367316738,0.16810322610990416,-0.2708380852664846,0.6889312478889371,-0.13693988533373055,0.21473700237258386,-0.9670240367316738,0.9514878873323868,0.2796119071598851,-0.03571568933812632,-0.12333844157141577,50.0,0.31794860096162264,0
135,68,transition,1,0.042744467338653565,-0.050515244899861214,-0.27930265987024727,-0.051840939764,-0.024083126247,0.18722468292150468,-0.17973066997092765,0.9657348520048056,0.22996915026015824,-0.23024591487078888,0.6864321921345583,-0.18722468292150468,0.17973066997092768,-0.9657348520048056,0.9500584711066717,0.2832954773392193,-0.0645852668982511,-0.11384778125760263,50.0,0.3194293253989251,0
136,69,spray,0,0.042744467338653565,-0.050515244899861214,-0.27930265987024727,-0.051840939764,-0.024083126247,0.18722468292150468,-0.17973066997092765,0.9657348520048056,0.22996915026015824,-0.23024591487078888,0.6864321921345583,-0.18722468292150468,0.17973066997092768,-0.9657348520048056,0.7892627910051099,0.5999430579123547,-0.02031876679804694,-0.12930476291847817,50.0,0.3194293253989251,1
137,69,spray,1,0.11360263693023105,-0.02718166233023877,-0.2816794111153777,-0.12098689302000001,-0.011237782468,0.14659847108456334,-0.10227182112793759,0.9838949958602512,0.2602011080147944,-0.12945348345817637,0.7022155847448734,-0.14659847108456336,0.10227182112793759,-0.9838949958602512,0.7928906502761784,0.6027204282540491,-0.027519219189071794,-0.08541191161131016,50.0,0.32155744202937897,1
138,70,transition,0,0.113602636930231,-0.02718166233023877,-0.2816794111153777,-0.12098689302,-0.011237782468,0.14659847108456334,-0.10227182112793759,0.9838949958602512,0.26020110801479435,-0.12945348345817637,0.7022155847448734,-0.14659847108456336,0.10227182112793759,-0.9838949958602512,0.7047936459259493,-0.7037140147762678,-0.088357390453153,0.0156675978434317,50.0,0.32155744202937897,0
139,70,transition,1,0.11358097842244215,-0.028012868956281817,-0.28187726017476417,-0.121035801283,-0.013366235593,0.14659847108456317,-0.10227182112793759,0.9838949958602512,0.26017944950700533,-0.13028469008421942,0.7020177356854871,-0.1465984710845632,0.1022718211279376,-0.9838949958602512,0.7047936459259493,-0.7037140147762678,-0.08835739045315294,0.01566759784343164,50.0,0.3215745360961442,0
140,71,spray,0,0.11358097842244215,-0.028012868956281817,-0.28187726017476417,-0.121035801283,-0.013366235593,0.14659847108456317,-0.10227182112793759,0.9838949958602512,0.26017944950700533,-0.13028469008421942,0.7020177356854871,-0.1465984710845632,0.1022718211279376,-0.9838949958602512,0.5946648927563668,-0.7989500380206414,-0.08512902135282757,0.028382244333108195,50.0,0.3215745360961442,1
141,71,spray,1,0.054753186230682455,-0.04374124276266648,-0.28183725517033364,-0.063900797813,-0.023980287852,0.14423363303891634,-0.27426517650371973,0.9507761419270988,0.1989868192695988,-0.31800641926638623,0.6689388867567652,-0.14423363303891634,0.27426517650371973,-0.9507761419270988,0.5850934754977046,-0.7956467155047938,-0.1551220245096866,-0.02343259585421129,50.0,0.32557844397964825,1
142,72,transition,0,0.054753186230682455,-0.04374124276266648,-0.28183725517033364,-0.063900797813,-0.023980287852,0.14423363303891634,-0.27426517650371973,0.9507761419270988,0.1989868192695988,-0.31800641926638623,0.6689388867567652,-0.14423363303891634,0.27426517650371973,-0.9507761419270988,0.037024189722599556,-0.9869231380097105,-0.1414917765824131,0.0677643431016866,50.0,0.32557844397964825,0
143,72,transition,1,0.06664027097458036,-0.04240304417272915,-0.2829841075450968,-0.075960655861,-0.023877449458,0.051043788354840226,-0.28200294905962975,0.9580547314178132,0.11768405932942058,-0.3244059932323589,0.6750706238727164,-0.05104378835484022,0.28200294905962975,-0.9580547314178132,0.030337922881731517,-0.988992910057564,-0.14322759994912337,0.021412354002007493,50.0,0.32721413239996494,0
144,73,spray,0,0.06664027097458036,-0.04240304417272915,-0.2829841075450968,-0.075960655861,-0.023877449458,0.051043788354840226,-0.28200294905962975,0.9580547314178132,0.11768405932942058,-0.3244059932323589,0.6750706238727164,-0.05104378835484022,0.28200294905962975,-0.9580547314178132,-0.8966197891355764,-0.418449900752027,-0.036892347356438135,0.14004138316092615,50.0,0.32721413239996494,1
145,73,spray,1,0.11353396438751694,-0.028791828972396797,-0.28203719461645743,-0.121084709546,-0.015494688718,0.1489513065433946,-0.12384670853900705,0.9810583576235768,0.26248527093091156,-0.15263853751140385,0.6990211630071195,-0.1489513065433946,0.12384670853900706,-0.981058357623577,-0.8980786117714997,-0.4289335448415804,0.04070954022181745,0.08839431273073974,50.0,0.33173276396498275,1
146,74,transition,0,0.11353396438751694,-0.028791828972396797,-0.28203719461645743,-0.121084709546,-0.015494688718,0.1489513065433946,-0.12384670853900705,0.9810583576235768,0.26248527093091156,-0.15263853751140385,0.6990211630071195,-0.1489513065433946,0.12384670853900706,-0.981058357623577,-0.7793755649827809,0.6189530737621064,0.09729360514595363,0.0021853113999750207,50.0,0.33173276396498275,0
147,74,transition,1,0.11343243087688921,-0.029981757925635302,-0.28235202070081555,-0.121126415495,-0.017624479827,0.15345997914289947,-0.14263819501346303,0.9778059010482409,0.2668924100197887,-0.17261995293909832,0.6954538803474254,-0.1534599791428995,0.14263819501346303,-0.9778059010482409,-0.77838618854506,0.6188843930867983,0.1050293564707504,0.008116880879970048,50.0,0.33214816995579993,0
148,75,spray,0,0.11343243087688921,-0.029981757925635302,-0.28235202070081555,-0.121126415495,-0.017624479827,0.15345997914289947,-0.14263819501346303,0.9778059010482409,0.2668924100197887,-0.17261995293909832,0.6954538803474254,-0.1534599791428995,0.14263819501346303,-0.9778059010482409,-0.3324070906936989,0.9372344832434792,0.09338460366669096,-0.04874797712618066,50.0,0.33214816995579993,1
149,75,spray,1,0.0790061894523836,-0.039770729228574477,-0.28203819580510603,-0.08802051391,-0.023774611063,-2.9226932895383733e-05,-0.2796135727467639,0.9601126231237544,0.07897696251948821,-0.3193843019753384,0.6780744273186484,2.9226932895379254e-05,0.2796135727467639,-0.9601126231237544,-0.32068194122185234,0.9365999167926834,0.13360287226853557,0.04575981817839903,50.0,0.3369295519712783,1
150,76,transition,0,0.0790061894523836,-0.039770729228574477,-0.28203819580510603,-0.08802051391,-0.023774611063,-2.9226932895383733e-05,-0.2796135727467639,0.9601126231237544,0.07897696251948821,-0.3193843019753384,0.6780744273186484,2.9226932895379254e-05,0.2796135727467639,-0.9601126231237544,-0.9432752310790699,-0.3004798662050494,-0.04287805556601313,0.13455541902502724,50.0,0.3369295519712783,0
151,76,transition,1,0.09128832888688032,-0.03766986876336773,-0.2814203718211352,-0.100080371959,-0.023671772668,0.05136906784079884,-0.23773649398199764,0.969970400733092,0.14265739672767916,-0.2754063627453654,0.6885500289119568,-0.05136906784079884,0.23773649398199767,-0.969970400733092,-0.9445396142352216,-0.30468035300446406,-0.012139024717127026,0.12193212748234568,50.0,0.338491473232879,0
152,77,spray,0,0.09128832888688032,-0.03766986876336773,-0.2814203718211352,-0.100080371959,-0.023671772668,0.05136906784079884,-0.23773649398199764,0.969970400733092,0.14265739672767916,-0.2754063627453654,0.6885500289119568,-0.05136906784079884,0.23773649398199767,-0.969970400733092,-0.9584284488103298,-0.25768218579787544,-0.006105108686526248,0.12238270826133779,50.0,0.338491473232879,1
153,77,spray,1,0.11202599735660893,-0.03143688508766297,-0.28256103881040834,-0.119918011036,-0.019986505755,0.16445567783655868,-0.1651527743031067,0.9724602260078843,0.2764816751931676,-0.19658965939076967,0.689899187197476,-0.16445567783655865,0.1651527743031067,-0.9724602260078843,-0.9569975832998375,-0.2653031069592149,0.05757689843704921,0.10224865653116251,50.0,0.3415977784633787,1
