segment_id,point_id,event,spray_on,u,v,x,y,z,note
0,0,SURFACE_SCAN,1,-256.969,-28.98869,4.195762,12.77083,97.31529,central bow scan
0,1,SURFACE_SCAN,1,-258.757726821,-31.5987942449,7.31900512018,13.6926118043,97.31529,central bow scan
1,0,OVERTRAVEL,0,,,7.31900512018,13.6926118043,97.31529,3D-only opening connector
1,1,OVERTRAVEL,0,,,64.8650446828,30.6765256837,97.31529,3D-only opening connector
1,2,OVERTRAVEL,0,,,95.7270476896,4.4480144262,97.31529,3D-only opening connector
1,3,OVERTRAVEL,0,,,37.5783607538,-10.3415159125,97.31529,3D-only opening connector
2,0,SURFACE_SCAN,1,-244.90487396,-64.3849537991,37.5783607538,-10.3415159125,97.31529,central bow scan
2,1,SURFACE_SCAN,1,-240.69793355,-58.2462003031,30.0628728769,-12.2530042337,97.31529,central bow scan
2,2,SURFACE_SCAN,1,-236.490993139,-52.107446807,22.4354481166,-13.8817110025,97.31529,central bow scan
2,3,SURFACE_SCAN,1,-232.284052729,-45.968693311,20.3758977322,-14.4551794071,92.4606105948,central bow scan
2,4,SURFACE_SCAN,1,-228.077112319,-39.8299398149,21.1299865299,-14.544159941,85.2306282466,central bow scan
2,5,SURFACE_SCAN,1,-223.870171908,-33.6911863189,21.8840753275,-14.6331404749,78.0006458983,central bow scan
2,6,SURFACE_SCAN,1,-219.663231498,-27.5524328228,22.6316569906,-14.7200919648,70.7484011372,central bow scan
2,7,SURFACE_SCAN,1,-215.456291087,-21.4136793268,23.3500165255,-14.7979314581,63.3961807133,central bow scan
2,8,SURFACE_SCAN,1,-211.249350677,-15.2749258307,24.0683760603,-14.8757709515,56.0439602894,central bow scan
2,9,SURFACE_SCAN,1,-207.042410267,-9.13617233467,24.909851292,-15.0482792144,48.771729871,central bow scan
2,10,SURFACE_SCAN,1,-202.835469856,-2.99741883862,25.7842613391,-15.2461124238,41.5208976669,central bow scan
2,11,SURFACE_SCAN,1,-198.628529446,3.14133465743,26.6586713861,-15.4439456332,34.2700654628,central bow scan
2,12,SURFACE_SCAN,1,-194.421589036,9.28008815348,27.5030720644,-15.6491367116,27.0046982369,central bow scan
2,13,SURFACE_SCAN,1,-190.214648625,15.4188416495,28.3305460033,-15.8378683778,19.7337802495,central bow scan
2,14,SURFACE_SCAN,1,-186.007708215,21.5575951456,29.1531487885,-16.0071176987,12.4630046308,central bow scan
2,15,SURFACE_SCAN,1,-181.800767804,27.6963486416,29.9368311313,-16.0909622076,5.18410787667,central bow scan
2,16,SURFACE_SCAN,1,-177.593827394,33.8351021377,30.6660095243,-16.1268866456,-2.05764644395,central bow scan
2,17,SURFACE_SCAN,1,-173.386886984,39.9738556337,31.3653436494,-16.0491391003,-9.32737458819,central bow scan
2,18,SURFACE_SCAN,1,-169.179946573,46.1126091298,32.0676177172,-15.9422573655,-16.5611924001,central bow scan
2,19,SURFACE_SCAN,1,-164.973006163,52.2513626258,32.7484911756,-15.7788157832,-23.7766736115,central bow scan
2,20,SURFACE_SCAN,1,-160.766065753,58.3901161219,33.4070334277,-15.5410040093,-30.9593305983,central bow scan
2,21,SURFACE_SCAN,1,-156.559125342,64.5288696179,34.0542692288,-15.1842830896,-38.0583997625,central bow scan
2,22,SURFACE_SCAN,1,-152.352184932,70.667623114,34.6855255197,-14.8392307751,-45.1731287462,central bow scan
2,23,SURFACE_SCAN,1,-148.145244521,76.80637661,35.2794035422,-14.5231562878,-52.325169352,central bow scan
2,24,SURFACE_SCAN,1,-143.938304111,82.9451301061,36.011848364,-14.3418229171,-59.4368804041,central bow scan
2,25,SURFACE_SCAN,1,-139.731363701,89.0838836021,36.7286578721,-14.0694092018,-66.4827238939,central bow scan
2,26,SURFACE_SCAN,1,-135.52442329,95.2226370982,37.745061306,-13.7614554648,-73.4203615285,central bow scan
2,27,SURFACE_SCAN,1,-131.31748288,101.361390594,44,-11.1120768301,-74.28471,central bow scan
3,0,OVERTRAVEL,0,,,44,-11.1120768301,-74.28471,3D-only opening connector
3,1,OVERTRAVEL,0,,,98.8064386003,12.1020607621,-81.8582233067,3D-only opening connector
3,2,OVERTRAVEL,0,,,14.9268660447,-88.421803195,-74.28471,3D-only opening connector
3,3,OVERTRAVEL,0,,,28.5977442698,-30,-74.28471,3D-only opening connector
4,0,SURFACE_SCAN,1,-105.126910545,86.5783903842,28.5977442698,-30,-74.28471,central bow scan
4,1,SURFACE_SCAN,1,-109.363611749,80.3962100354,30.4594543708,-22.044076515,-74.28471,central bow scan
4,2,SURFACE_SCAN,1,-113.600312954,74.2140296866,31.1398224438,-18.7826911603,-69.8118210673,central bow scan
4,3,SURFACE_SCAN,1,-117.837014159,68.0318493378,30.4655115291,-19.155495696,-62.7355692062,central bow scan
4,4,SURFACE_SCAN,1,-122.073715364,61.849668989,29.7912006143,-19.5283002318,-55.6593173452,central bow scan
4,5,SURFACE_SCAN,1,-126.310416569,55.6674886402,29.3819846597,-20.1934396852,-48.3103402899,central bow scan
4,6,SURFACE_SCAN,1,-130.547117774,49.4853082914,29.1910385027,-21.1186734719,-40.8259720031,central bow scan
4,7,SURFACE_SCAN,1,-134.783818979,43.3031279426,28.9937721005,-22.0482867015,-33.3486433979,central bow scan
4,8,SURFACE_SCAN,1,-139.020520184,37.1209475938,28.8235639235,-23.0247990243,-25.8316116863,central bow scan
4,9,SURFACE_SCAN,1,-143.257221389,30.938767245,28.6455843842,-24.0121067486,-18.2979751027,central bow scan
4,10,SURFACE_SCAN,1,-147.493922594,24.7565868962,28.4786576161,-25.0185310808,-10.7476783856,central bow scan
4,11,SURFACE_SCAN,1,-151.730623799,18.5744065474,28.327212417,-26.0879675364,-3.20362857267,central bow scan
4,12,SURFACE_SCAN,1,-155.967325004,12.3922261986,28.1678797839,-27.1450531877,4.30984573768,central bow scan
4,13,SURFACE_SCAN,1,-160.204026209,6.21004584985,27.9561993403,-28.107699722,11.8364186977,central bow scan
4,14,SURFACE_SCAN,1,-164.440727414,0.0278655010518,27.6506366605,-28.9760673369,19.340494969,central bow scan
4,15,SURFACE_SCAN,1,-168.677428619,-6.15431484775,27.3966289928,-29.8971746351,26.8407636469,central bow scan
4,16,SURFACE_SCAN,1,-172.914129824,-12.3364951965,27.1377160981,-30.8399543076,34.3163952034,central bow scan
4,17,SURFACE_SCAN,1,-177.150831029,-18.5186755453,26.8745951791,-31.781095507,41.7312761065,central bow scan
4,18,SURFACE_SCAN,1,-181.387532234,-24.7008558941,26.608521313,-32.7323577196,49.1264597079,central bow scan
4,19,SURFACE_SCAN,1,-185.624233439,-30.8830362429,26.3920315279,-33.7672832656,56.442168797,central bow scan
4,20,SURFACE_SCAN,1,-189.860934643,-37.0652165917,26.3109309979,-35.0117840067,63.5713913795,central bow scan
4,21,SURFACE_SCAN,1,-194.097635848,-43.2473969405,26.2298304678,-36.2562847477,70.7006139619,central bow scan
4,22,SURFACE_SCAN,1,-198.334337053,-49.4295772893,26.1988486364,-37.3286816988,77.5688711964,central bow scan
4,23,SURFACE_SCAN,1,-202.571038258,-55.6117576381,26.1929118925,-38.3864165878,84.4430759916,central bow scan
4,24,SURFACE_SCAN,1,-206.807739463,-61.7939379869,26.3361880985,-39.1529782591,91.1055417837,central bow scan
4,25,SURFACE_SCAN,1,-211.044440668,-67.9761183357,26.3900569816,-40.0176688747,97.31529,central bow scan
4,26,SURFACE_SCAN,1,-215.281141873,-74.1582986845,31.6099561713,-39.815980762,97.31529,central bow scan
5,0,OVERTRAVEL,0,,,31.6099561713,-39.815980762,97.31529,3D-only opening connector
5,1,OVERTRAVEL,0,,,91.565218674,-37.4994104025,97.31529,3D-only opening connector
5,2,OVERTRAVEL,0,,,-34.7598849652,-74.2425370014,97.31529,3D-only opening connector
5,3,OVERTRAVEL,0,,,0.803664901729,-25.918278902,97.31529,3D-only opening connector
6,0,SURFACE_SCAN,1,-187.476454443,-86.5859875012,0.803664901729,-25.918278902,97.31529,central bow scan
6,1,SURFACE_SCAN,1,-183.248673416,-80.4168234462,5.71720322021,-19.2416930501,97.31529,central bow scan
6,2,SURFACE_SCAN,1,-179.020892389,-74.2476593912,9.93315065342,-13.4766494685,95.4992314617,central bow scan
6,3,SURFACE_SCAN,1,-174.793111362,-68.0784953362,9.75327634422,-12.5544726693,87.3677302618,central bow scan
6,4,SURFACE_SCAN,1,-170.565330334,-61.9093312812,9.57589453489,-11.6152618472,79.2580471051,central bow scan
6,5,SURFACE_SCAN,1,-166.337549307,-55.7401672262,9.4603223545,-10.8201807299,71.2463893522,central bow scan
6,6,SURFACE_SCAN,1,-162.10976828,-49.5710031712,9.38291967879,-10.170114115,63.2514673506,central bow scan
6,7,SURFACE_SCAN,1,-157.881987253,-43.4018391162,9.30551700308,-9.52004750001,55.2565453491,central bow scan
6,8,SURFACE_SCAN,1,-153.654206226,-37.2326750612,9.13883154427,-8.89227827383,47.4322062633,central bow scan
6,9,SURFACE_SCAN,1,-149.426425199,-31.0635110062,8.96102305205,-8.2694361646,39.6248222064,central bow scan
6,10,SURFACE_SCAN,1,-145.198644171,-24.8943469512,8.70507082418,-7.72361864519,31.8394351275,central bow scan
6,11,SURFACE_SCAN,1,-140.970863144,-18.7251828962,8.45205164486,-7.14870731063,24.1549605605,central bow scan
6,12,SURFACE_SCAN,1,-136.743082117,-12.5560188412,8.13369046923,-6.66309149725,16.4937457132,central bow scan
6,13,SURFACE_SCAN,1,-132.51530109,-6.38685478624,7.81417334588,-6.18289771754,8.83715019539,central bow scan
6,14,SURFACE_SCAN,1,-128.287520063,-0.217690731243,7.4934177571,-5.69354578858,1.17562275536,central bow scan
6,15,SURFACE_SCAN,1,-124.059739035,5.95147332376,7.10394477341,-5.34049158997,-6.51811351393,central bow scan
6,16,SURFACE_SCAN,1,-119.831958008,12.1206373788,6.69504489506,-5.04374144512,-14.2595937585,central bow scan
6,17,SURFACE_SCAN,1,-115.604176981,18.2898014338,6.27665335186,-4.78667022474,-22.0812808408,central bow scan
6,18,SURFACE_SCAN,1,-111.376395954,24.4589654888,5.81301262865,-4.6644094153,-29.986377331,central bow scan
6,19,SURFACE_SCAN,1,-107.148614927,30.6281295438,5.33350188309,-4.63105973556,-38.0389426595,central bow scan
6,20,SURFACE_SCAN,1,-102.920833899,36.7972935988,4.81585588907,-4.74704430667,-46.2392409019,central bow scan
6,21,SURFACE_SCAN,1,-98.6930528722,42.9664576537,4.26212703929,-5.02985019634,-54.5926019203,central bow scan
6,22,SURFACE_SCAN,1,-94.465271845,49.1356217087,3.62281032153,-5.46215377207,-63.1392267519,central bow scan
6,23,SURFACE_SCAN,1,-90.2374908178,55.3047857637,2.73862699681,-5.94522023263,-72.020268925,central bow scan
6,24,SURFACE_SCAN,1,-86.0097097906,61.4739498187,1.08004601605,-13.4398033302,-74.28471,central bow scan
6,25,SURFACE_SCAN,1,-81.7819287634,67.6431138737,-0.315017250672,-22.0341522613,-74.28471,central bow scan
6,26,SURFACE_SCAN,1,-77.5541477362,73.8122779287,-2.99764286695,-30,-74.28471,central bow scan
7,0,OVERTRAVEL,0,,,-2.99764286695,-30,-74.28471,3D-only opening connector
7,1,OVERTRAVEL,0,,,-22.1468816403,-86.8621724383,-74.28471,3D-only opening connector
7,2,OVERTRAVEL,0,,,-55.9665853645,-86.0639913959,-74.28471,3D-only opening connector
7,3,OVERTRAVEL,0,,,-34.5930300037,-30,-74.28471,3D-only opening connector
8,0,SURFACE_SCAN,1,-49.981384928,61.0461654733,-34.5930300037,-30,-74.28471,central bow scan
8,1,SURFACE_SCAN,1,-54.1953943616,54.8970968819,-31.5436644127,-22.0013491733,-74.28471,central bow scan
8,2,SURFACE_SCAN,1,-58.4094037952,48.7480282906,-28.2438936266,-15.5600925777,-72.1267933649,central bow scan
8,3,SURFACE_SCAN,1,-62.6234132289,42.5989596992,-26.9884267219,-14.2369256503,-65.6816566659,central bow scan
8,4,SURFACE_SCAN,1,-66.8374226625,36.4498911079,-25.6649584816,-12.8189932942,-59.1667278436,central bow scan
8,5,SURFACE_SCAN,1,-71.0514320961,30.3008225165,-24.2992847997,-11.2961129453,-52.3592489155,central bow scan
8,6,SURFACE_SCAN,1,-75.2654415298,24.1517539252,-23.774226261,-10.3457703477,-45.0606609785,central bow scan
8,7,SURFACE_SCAN,1,-79.4794509634,18.0026853338,-23.2699296415,-9.41626023819,-37.9884277317,central bow scan
8,8,SURFACE_SCAN,1,-83.693460397,11.8536167425,-22.765633022,-8.48675012867,-30.916194485,central bow scan
8,9,SURFACE_SCAN,1,-87.9074698307,5.70454815114,-22.3814016778,-7.69250641356,-23.6011672932,central bow scan
8,10,SURFACE_SCAN,1,-92.1214792643,-0.444520440208,-22.0057574792,-6.9236207028,-16.2267378265,central bow scan
8,11,SURFACE_SCAN,1,-96.3354886979,-6.59358903156,-21.5998805513,-6.2349596351,-8.81437379949,central bow scan
8,12,SURFACE_SCAN,1,-100.549498132,-12.7426576229,-21.1906312592,-5.56923403221,-1.40518963974,central bow scan
8,13,SURFACE_SCAN,1,-104.763507565,-18.8917262142,-20.6783494686,-4.93518423281,6.04378634216,central bow scan
8,14,SURFACE_SCAN,1,-108.977516999,-25.0407948056,-20.1502922416,-4.23344945433,13.4524154815,central bow scan
8,15,SURFACE_SCAN,1,-113.191526432,-31.1898633969,-19.5856382769,-3.508291992,20.8659460824,central bow scan
8,16,SURFACE_SCAN,1,-117.405535866,-37.3389319883,-18.997156497,-2.74378044896,28.2789043672,central bow scan
8,17,SURFACE_SCAN,1,-121.6195453,-43.4880005796,-18.3400565326,-2.03615792729,35.6914110608,central bow scan
8,18,SURFACE_SCAN,1,-125.833554733,-49.637069171,-17.5993066633,-1.38424961095,43.1452123366,central bow scan
8,19,SURFACE_SCAN,1,-130.047564167,-55.7861377623,-16.8614187983,-0.70494295738,50.5788383111,central bow scan
8,20,SURFACE_SCAN,1,-134.261573601,-61.9352063537,-16.4547682939,-0.087619943009,57.9445159611,central bow scan
8,21,SURFACE_SCAN,1,-138.475583034,-68.084274945,-16.4138546059,0.388942163189,65.2858825353,central bow scan
8,22,SURFACE_SCAN,1,-142.689592468,-74.2333435364,-16.3453904272,0.852879808492,72.6631831011,central bow scan
8,23,SURFACE_SCAN,1,-146.903601902,-80.3824121277,-16.3973046677,1.2898316349,79.8670852507,central bow scan
8,24,SURFACE_SCAN,1,-151.117611335,-86.5314807191,-16.5447727397,1.63423056275,86.9084256272,central bow scan
8,25,SURFACE_SCAN,1,-155.331620769,-92.6805493104,-16.5897597843,2.02083292959,93.9800456492,central bow scan
8,26,SURFACE_SCAN,1,-159.545630202,-98.8296179018,-18.4085585523,-0.987798270623,97.31529,central bow scan
8,27,SURFACE_SCAN,1,-163.759639636,-104.978686493,-23.1197094907,-6.91664039658,97.31529,central bow scan
9,0,OVERTRAVEL,0,,,-23.1197094907,-6.91664039658,97.31529,3D-only opening connector
9,1,OVERTRAVEL,0,,,-60.4469838852,-53.8918954388,97.31529,3D-only opening connector
9,2,OVERTRAVEL,0,,,-94.8628458564,13.5224336704,97.31529,3D-only opening connector
9,3,OVERTRAVEL,0,,,-34.8733164363,12.4015590319,97.31529,3D-only opening connector
10,0,SURFACE_SCAN,1,-138.680462759,-121.383431271,-34.8733164363,12.4015590319,97.31529,central bow scan
10,1,SURFACE_SCAN,1,-134.513851026,-115.303525246,-24.8938118871,12.2150969332,97.31529,central bow scan
10,2,SURFACE_SCAN,1,-130.347239292,-109.223619222,-23.2849189261,11.9243011271,91.4285370072,central bow scan
10,3,SURFACE_SCAN,1,-126.180627559,-103.143713197,-23.739597429,11.5728551799,84.4237635883,central bow scan
10,4,SURFACE_SCAN,1,-122.014015825,-97.063807173,-24.1942759319,11.2214092327,77.4189901695,central bow scan
10,5,SURFACE_SCAN,1,-117.847404092,-90.9839011486,-24.6489544348,10.8699632854,70.4142167507,central bow scan
10,6,SURFACE_SCAN,1,-113.680792359,-84.9039951242,-25.1036329376,10.5185173382,63.4094433319,central bow scan
10,7,SURFACE_SCAN,1,-109.514180625,-78.8240890998,-25.5855691176,10.099723716,56.44735045,central bow scan
10,8,SURFACE_SCAN,1,-105.347568892,-72.7441830754,-26.1868070162,9.52939271018,49.424167462,central bow scan
10,9,SURFACE_SCAN,1,-101.180957158,-66.664277051,-26.820157214,8.93632216159,42.3533018163,central bow scan
10,10,SURFACE_SCAN,1,-97.0143454248,-60.5843710266,-27.4348143875,8.3245936629,35.3029447549,central bow scan
10,11,SURFACE_SCAN,1,-92.8477336914,-54.5044650023,-28.027866486,7.73310569734,28.1823924309,central bow scan
10,12,SURFACE_SCAN,1,-88.681121958,-48.4245589779,-28.5896718734,7.15724712623,21.0016384593,central bow scan
10,13,SURFACE_SCAN,1,-84.5145102245,-42.3446529535,-29.1501187873,6.58778902132,13.7917927536,central bow scan
10,14,SURFACE_SCAN,1,-80.3478984911,-36.2647469291,-29.6986576985,6.02385266242,6.57968775298,central bow scan
10,15,SURFACE_SCAN,1,-76.1812867577,-30.1848409047,-30.209844713,5.44146436657,-0.624638819542,central bow scan
10,16,SURFACE_SCAN,1,-72.0146750242,-24.1049348803,-30.656612842,4.88209610832,-7.81285193958,central bow scan
10,17,SURFACE_SCAN,1,-67.8480632908,-18.0250288559,-31.1662761671,4.36020320633,-14.9696965042,central bow scan
10,18,SURFACE_SCAN,1,-63.6814515574,-11.9451228315,-31.5699802668,3.77328725321,-22.0703516357,central bow scan
10,19,SURFACE_SCAN,1,-59.5148398239,-5.86521680715,-31.9256178718,3.17622050649,-29.1227227019,central bow scan
10,20,SURFACE_SCAN,1,-55.3482280905,0.214689217242,-32.2347696629,2.54209409835,-36.0883761167,central bow scan
10,21,SURFACE_SCAN,1,-51.1816163571,6.29459524163,-32.5276414194,1.90191746225,-42.9907467261,central bow scan
10,22,SURFACE_SCAN,1,-47.0150046236,12.374501266,-32.8355806081,1.2928907992,-49.7558185915,central bow scan
10,23,SURFACE_SCAN,1,-42.8483928902,18.4544072904,-33.1655866222,0.508920579622,-56.1610666702,central bow scan
10,24,SURFACE_SCAN,1,-38.6817811568,24.5343133148,-33.508687199,-0.378862006875,-62.3527935441,central bow scan
10,25,SURFACE_SCAN,1,-34.5151694234,30.6142193392,-33.8541101016,-1.27453133419,-68.5674333086,central bow scan
10,26,SURFACE_SCAN,1,-30.3485576899,36.6941253636,-35.4252998116,-1.6604185495,-74.1295824535,central bow scan
10,27,SURFACE_SCAN,1,-26.1819459565,42.774031388,-41,-0.855126338246,-74.28471,central bow scan
11,0,OVERTRAVEL,0,,,-41,-0.855126338246,-74.28471,3D-only opening connector
11,1,OVERTRAVEL,0,,,-100.361105432,7.71987038625,-75.9365553606,3D-only opening connector
11,2,OVERTRAVEL,0,,,-59.064862796,48.4265986538,-105.454516335,3D-only opening connector
11,3,OVERTRAVEL,0,,,-16.3990490569,20,-74.28471,3D-only opening connector
12,0,SURFACE_SCAN,1,-9.89859645514,13.5344444722,-16.3990490569,20,-74.28471,central bow scan
12,1,SURFACE_SCAN,1,-14.0145924362,7.52839678585,-11.8742321503,16.9852876832,-70.9790736059,central bow scan
12,2,SURFACE_SCAN,1,-18.1305884172,1.52234909951,-11.0395952222,17.8601721149,-63.3913887708,central bow scan
12,3,SURFACE_SCAN,1,-22.2465843983,-4.48369858683,-10.2099331066,18.5574428029,-55.854850151,central bow scan
12,4,SURFACE_SCAN,1,-26.3625803793,-10.4897462732,-9.42868132045,19.1167092113,-48.3870712283,central bow scan
12,5,SURFACE_SCAN,1,-30.4785763603,-16.4957939595,-8.67312838572,19.4476818144,-40.9600218236,central bow scan
12,6,SURFACE_SCAN,1,-34.5945723414,-22.5018416459,-7.9567080155,19.6160228208,-33.6365193878,central bow scan
12,7,SURFACE_SCAN,1,-38.7105683224,-28.5078893322,-7.23920959134,19.5974006293,-26.337840714,central bow scan
12,8,SURFACE_SCAN,1,-42.8265643034,-34.5139370185,-6.51279257763,19.4775360417,-19.0798785307,central bow scan
12,9,SURFACE_SCAN,1,-46.9425602845,-40.5199847049,-5.7714233457,19.3725047637,-11.8475609348,central bow scan
12,10,SURFACE_SCAN,1,-51.0585562655,-46.5260323912,-5.01031962865,19.2947393714,-4.62562244226,central bow scan
12,11,SURFACE_SCAN,1,-55.1745522465,-52.5320800776,-4.23357337882,19.0450484223,2.57568610985,central bow scan
12,12,SURFACE_SCAN,1,-59.2905482276,-58.5381277639,-3.44934230373,18.6590080931,9.76823628339,central bow scan
12,13,SURFACE_SCAN,1,-63.4065442086,-64.5441754502,-2.64961292553,18.2346835087,16.9432674746,central bow scan
12,14,SURFACE_SCAN,1,-67.5225401896,-70.5502231366,-1.87451540053,17.7557916085,24.1306616229,central bow scan
12,15,SURFACE_SCAN,1,-71.6385361707,-76.5562708229,-1.05531663342,17.4786950944,31.3269470729,central bow scan
12,16,SURFACE_SCAN,1,-75.7545321517,-82.5623185093,-0.313652064334,17.06707913,38.5693378037,central bow scan
12,17,SURFACE_SCAN,1,-79.8705281328,-88.5683661956,0.413733791484,16.6357636132,45.820880836,central bow scan
12,18,SURFACE_SCAN,1,-83.9865241138,-94.574413882,1.11993523107,16.1693196549,53.0780381297,central bow scan
12,19,SURFACE_SCAN,1,-88.1025200948,-100.580461568,1.63086246863,15.6260346795,60.4092714721,central bow scan
12,20,SURFACE_SCAN,1,-92.2185160759,-106.586509255,2.12061500167,15.109019938,67.7564921973,central bow scan
12,21,SURFACE_SCAN,1,-96.3345120569,-112.592556941,2.63563744336,14.6377206139,75.1077673896,central bow scan
12,22,SURFACE_SCAN,1,-100.450508038,-118.598604627,3.15077529997,14.1629490638,82.4602206823,central bow scan
12,23,SURFACE_SCAN,1,-104.566504019,-124.604652314,3.67326864999,13.4668895319,89.8877553411,central bow scan
12,24,SURFACE_SCAN,1,-108.6825,-130.6107,4.195762,12.77083,97.31529,central bow scan
